name,prediction
United Kingdom_sir_2020-12-01,"[953196.8432618637, 968383.6832775603, 973368.1219811386, 978414.6010016256, 983647.5, 1.0003264619289339e6, 1.0031385612943373e6, 1.0215387523171057e6, 1.0495062204444443e6, 1.067606695652174e6, 1.0734720365790003e6, 1.0741245345364031e6, 1.1005349227354366e6, 1.1121012899454404e6, 1.121391456928839e6, 1.1331533522337223e6, 1.1445334002320184e6, 1.1555761436930455e6, 1.1778737562901746e6, 1.18314511184573e6, 1.204314567420102e6, 1.2207483876651984e6, 1.228543999445638e6, 1.238260937218488e6, 1.2691070711610485e6, 1.2886552737226277e6, 1.2996639890155827e6, 1.3088987925336598e6, 1.329312676794391e6, 1.3470297337867524e6, 1.3533814160583941e6, 1.3856806948441688e6, 1.3985872644101055e6, 1.4062564285714286e6, 1.417960745197674e6, 1.4275603791784155e6, 1.4452885424354244e6, 1.470447603146005e6, 1.4973121934306568e6, 1.5057271605075225e6, 1.549601205327942e6, 1.568759164928292e6, 1.5918660656456966e6, 1.6073545e6, 1.6507151273841963e6, 1.673083177297498e6, 1.6913661328640892e6, 1.7066160989013636e6, 1.75170116802341e6, 1.764416798415393e6, 1.826277583975064e6, 1.8393359555066617e6, 1.8740390290118963e6, 1.8994963227019026e6, 1.9464899052532832e6, 1.957842071705426e6, 1.978993e6, 1.99817175e6, 2.0340976798123182e6, 2.0617807844905322e6, 2.087053e6, 2.1073135592242186e6, 2.1294461391040594e6, 2.1570619951936537e6, 2.17633725e6, 2.2212265947277937e6, 2.2609129309379375e6, 2.284496808716707e6, 2.2920526225404292e6, 2.3496691454503033e6, 2.3773891201960137e6, 2.408621090604027e6, 2.438374754716981e6, 2.484440168067227e6, 2.507405895537028e6, 2.536401782729805e6, 2.5580853022936173e6, 2.5977082591874497e6, 2.6047772384674856e6, 2.691349708328123e6, 2.7032177964510815e6, 2.735374e6, 2.7801666071428573e6, 2.8036513582677166e6, 2.872746456140351e6, 2.9440332981045377e6, 2.966375415841584e6, 3.0296241694428492e6, 3.111587322682774e6, 3.198561642857143e6, 3.247291296844335e6, 3.3012652986758216e6, 3.364654837449742e6, 3.4784884285714286e6, 3.522490777777778e6, 3.5389761417920943e6, 3.563723719126939e6, 3.626339531878231e6, 3.6902900849928414e6, 3.7835755943181817e6, 3.8424029221835076e6, 3.948726270288625e6, 4.0209490758282775e6, 4.0611138904881096e6, 4.141859222766218e6, 4.1697782910442846e6, 4.232400647363151e6, 4.347087699747408e6, 4.473102422535211e6, 4.534836032579117e6, 4.56750717305736e6, 4.709470726336439e6, 4.795089841591068e6, 4.869563771556687e6, 4.913119348204244e6, 4.985733691166078e6, 5.103785414134275e6, 5.132011571428571e6, 5.23138269754977e6, 5.253014866122258e6, 5.3826989183854405e6, 5.547546842463835e6, 5.7010265398611445e6, 5.7547415874231905e6, 5.842464431811953e6, 5.909791688546923e6, 5.978821691537556e6, 6.003351590707964e6, 6.034908324714707e6, 6.084528900442477e6, 6.192721130476418e6, 6.258212107731391e6, 6.314418376237623e6, 6.349530227625561e6, 6.383645876869567e6, 6.445536464646464e6, 6.615055107416879e6, 6.716584100311228e6, 6.848729303962705e6, 6.993578626880229e6, 7.062848509825655e6, 7.101105025301778e6, 7.142593826813591e6, 7.281960536507937e6, 7.308419713616433e6, 7.318047285714286e6, 7.519709185185185e6, 7.688845231505792e6, 7.805954355917324e6, 7.919217313702019e6, 8.011688118607649e6, 8.156261556220572e6, 8.194727465277778e6, 8.273889222532123e6, 8.370996857013881e6, 8.488411427197538e6, 8.60036362467141e6, 8.701613555234982e6, 8.760213045454545e6, 8.846718621593896e6, 8.977863793759169e6, 9.071878155053444e6, 9.166384183444306e6, 9.268131701073727e6, 9.371827935100842e6, 9.472162970014226e6, 9.47492080263158e6, 9.640979013982931e6, 9.742009705882354e6, 9.811668385244505e6, 9.897258455443857e6, 9.933544480490714e6, 9.97354215709661e6, 1.0069738907766715e7, 1.0165609113968706e7, 1.023459550883357e7, 1.0282234230341394e7, 1.0355453221009957e7, 1.0443627990369843e7, 1.0478006067723818e7, 1.050299521627574e7, 1.05053295944206e7]"
Canada_sir_2020-12-01,"[312386.16591837944, 313281.24231139745, 314353.6948117567, 314924.49567144003, 315492.23800882424, 316670.7228542427, 317879.69825127895, 318827.76603002945, 320444.1964332004, 322696.8641625957, 324810.73161959054, 327379.9760210144, 329904.1550654237, 332366.71131793805, 334120.0264842737, 336519.7573166917, 338581.23677845567, 340071.84892031073, 341768.0481383861, 343694.21415204986, 345661.0818826345, 347903.13522760605, 349828.0332946371, 351376.137218504, 353079.718432204, 354743.27888647554, 356866.3390275797, 358559.2211573171, 359676.6725489772, 361263.1634607954, 362487.59129582334, 363931.74564074446, 365076.38175282406, 366332.8438099151, 368513.1218253751, 369059.9510089242, 370209.785381224, 371143.1907989662, 372542.3384937035, 373308.58455146436, 374423.01545133966, 375223.4419995521, 376658.47315432027, 378156.8333501312, 379671.9423454798, 380862.52221151686, 382021.3266891733, 383163.032189833, 384052.5201871785, 385212.30028346553, 386657.57917261776, 388201.7784698482, 388875.13567005296, 390239.49243836844, 391696.50423429394, 393213.8256476042, 394771.9139221072, 396290.69094760076, 398317.8063235112, 400364.9225973568, 402171.55358946876, 403905.5889074113, 405330.27278929023, 406702.4234919952, 408149.7246222952, 409655.5032996997, 411198.18526004546, 412915.8504742207, 414357.3587748626, 415584.91365547106, 417096.10173811245, 418612.4007989522, 420420.65664647333, 422241.10617943713, 423983.93369674624, 425752.32441750285, 427452.6477726323, 428882.02694634104, 430435.6001438976, 432297.39155619335, 433977.66935495404, 435665.6698591248, 437227.2070125153, 438678.12618379516, 439859.5143873424, 440856.8544401454, 442071.4805497334, 443030.99718510685, 444095.3951299174, 445293.15561009035, 446172.4570243523, 446964.57213109883, 447850.2138113647, 448981.0379521118, 449869.54166608397, 450653.6379349353, 455997.3173770673, 469804.43968808476, 483420.1507622078, 500592.989354974, 515837.5323604981, 531175.387790608, 546478.1293657478, 561518.1755978845, 576017.1246458446, 584306.3996981573, 599595.4234634769, 614345.6206021836, 629721.7629569222, 645192.1502304686, 660102.5270161068, 1.0226238823250858e6, 1.0376440856311969e6, 1.051574585275873e6, 1.064460127549812e6, 1.078237729618686e6, 1.0926237352806344e6, 1.1063519855456103e6, 1.1195034075697346e6, 1.1319009566614283e6, 1.1425268084418762e6, 1.1518205935374172e6, 1.1607954177475732e6, 1.1696562439269354e6, 1.1789334714831251e6, 1.187314492142329e6, 1.1946160925153187e6, 1.2001882855110075e6, 1.2054858471428135e6, 1.210212739621364e6, 1.2160677998687304e6, 1.2227262867330043e6, 1.229037192669271e6, 1.2344243050353217e6, 1.2398472052780378e6, 1.2443210493419743e6, 1.2484469204399516e6, 1.2528505516252709e6, 1.2574043655319074e6, 1.2619585987446834e6, 1.2662733215116283e6, 1.2696139332945356e6, 1.2732239241680934e6, 1.276292829270002e6, 1.2785783549044728e6, 1.2946516726753367e6, 1.3161866534298488e6, 1.3373756220325953e6, 1.358342105343489e6, 1.3782651268357257e6, 1.3989619198873872e6, 1.4203575560556957e6, 1.4417086438961816e6, 1.929970618690218e6, 1.945378078601275e6, 1.9507909025205546e6, 1.9563170356450544e6, 1.9615683431284083e6, 1.9671591784821195e6, 1.9729893497486077e6, 1.9788379443471408e6, 1.9850896396564618e6, 1.990259566206267e6, 1.996600463435926e6, 2.0019002903575576e6, 2.0078845072513479e6, 2.0143588541757516e6, 2.0203355474848663e6, 2.025538941983372e6, 2.0316715576991276e6, 2.037661807957158e6, 2.042677988887202e6, 2.0479796716924468e6, 2.053980532304407e6, 2.0585688802282554e6, 2.0632919493045704e6, 2.0684930491480534e6, 2.0736329471750418e6, 2.0781952395879664e6, 2.0830441807712456e6, 2.0889701815788387e6, 2.0941806548010306e6]"
Netherlands_sir_2020-12-01,"[168380.1205357143, 169343.15105317425, 172145.68938378946, 173509.34964322118, 175590.2933794814, 177562.38312502851, 179313.46251376148, 180315.1621928473, 182985.9552789372, 184774.5155894074, 186354.44444444444, 188713.6883089718, 190317.55967743642, 192843.08758844904, 194683.49220252482, 196144.3748354097, 198798.62886597938, 200739.2859769603, 202502.7509524877, 205924.16822051338, 208351.27071918396, 210894.8741908265, 213554.7378265002, 216244.84404140286, 219533.93770491797, 221599.43664965988, 226161.49260844314, 228486.6655841007, 234539.20320608543, 237845.16280176642, 241901.1822393589, 245156.5276988417, 247640.1247229327, 249599.2962342525, 250838.21311475406, 255262.97836231376, 258336.39729916747, 260308.81370170985, 266059.2692322501, 269523.50022531487, 274560.44136901887, 281621.89978368056, 286200.33574191714, 290496.03619105706, 301631.2175615069, 305516.2872807018, 313563.91090086015, 317372.957195563, 321958.3767613049, 325277.5994381773, 332833.99537037034, 338455.9848829512, 343728.4567901235, 350970.0555939594, 357048.85896358546, 362403.38566781476, 369295.7779917503, 375848.59361118934, 379694.73006221716, 384522.4909702689, 388587.9618102038, 395692.9577241433, 398881.21286147187, 405935.8587833042, 413355.53263795655, 422155.7286091377, 429538.3731101921, 434503.18251192366, 440569.38024276047, 451589.54669431306, 454975.80000000005, 462581.40047185915, 465595.5379835516, 470493.3729185142, 481107.59708029195, 486302.2261224489, 495782.56539511844, 508854.61013598985, 516429.67684943427, 522217.82614130666, 529429.8108482612, 540067.7147215004, 544120.8609093355, 553425.2546933178, 559627.0201819891, 566221.4829165199, 577577.035613385, 582201.2247947936, 588917.7380505826, 594816.2652381576, 599091.4209390113, 602342.9463880735, 606619.9104575274, 615030.8719293743, 626059.6327668028, 634176.2476109676, 644423.7525092093, 652753.6666666666, 657320.3569422836, 665044.7905560846, 672826.0125, 678670.3590460236, 694473.3286031623, 702001.7455079904, 708081.4198065145, 721014.0951090545, 730325.8152719421, 740733.5584513084, 749820.1074232084, 758775.2076736279, 776572.7029837449, 785419.4, 793701.0579539981, 803631.3794997615, 813829.191854174, 823241.1501225492, 842193.8566308244, 851081.8554745931, 862470.9956636501, 877636.4622443648, 888926.44215896, 902013.7155353142, 922263.7339444454, 941710.329473811, 958402.1901912836, 977671.372357364, 991094.3106796117, 1.0126404474299892e6, 1.035358136538873e6, 1.0476166408612756e6, 1.0829823391661574e6, 1.1068139627782286e6, 1.1191655204208514e6, 1.137582589038507e6, 1.1606705952369613e6, 1.1952185975165535e6, 1.214826994218924e6, 1.2325602264081328e6, 1.247390347135386e6, 1.2699037333757556e6, 1.2961897526791487e6, 1.314874718166459e6, 1.328217525531915e6, 1.350752900163666e6, 1.3731847438255004e6, 1.3995568140047514e6, 1.4139045836065575e6, 1.4444465107624258e6, 1.4670158055090676e6, 1.4895910805631243e6, 1.5105062523809522e6, 1.525635637254902e6, 1.5469572537950664e6, 1.581514652194211e6, 1.6226600051599587e6, 1.6459552146401987e6, 1.6589985793484817e6, 1.6782869697712418e6, 1.7059948664775556e6, 1.7394230231620946e6, 1.747691076923077e6, 1.769612e6, 1.7983784001068375e6, 1.8076110441626958e6, 1.84051352991453e6, 1.8685923707507725e6, 1.891897517647059e6, 1.9162875784313725e6, 1.9327990204248363e6, 1.9358467905527665e6, 1.9505027294117645e6, 1.966415428920528e6, 1.9761881355287884e6, 1.9944157296678121e6, 2.0084280907543031e6, 2.034956972271955e6, 2.061568172251801e6, 2.080202061640893e6, 2.106262539148494e6, 2.132514655980949e6, 2.1470145408446714e6, 2.1595703449112824e6]"
United Kingdom_seirv_2020-12-01,"[2.283657335274542e6, 2.3030659783693845e6, 2.3409703726959387e6, 2.346226703703704e6, 2.3763796377171217e6, 2.402409957089552e6, 2.4281365584990378e6, 2.455336737012987e6, 2.474269466666667e6, 2.4995025948158256e6, 2.5270561739130435e6, 2.5476212684028703e6, 2.5867211267605633e6, 2.62588834047619e6, 2.669993611111111e6, 2.696048578240904e6, 2.7149643930223933e6, 2.7567003393859696e6, 2.7840257398373988e6, 2.8004251634506243e6, 2.830552637544274e6, 2.864050034478742e6, 2.8930913174300254e6, 2.9272653816842106e6, 2.9468639302919125e6, 2.9863297624968286e6, 2.999785627625027e6, 3.021355724725944e6, 3.056495711538461e6, 3.0934200218417943e6, 3.1154201385915494e6, 3.1435828185840705e6, 3.1808547724230257e6, 3.2142355888020983e6, 3.2514940600376306e6, 3.285656010353228e6, 3.320800197756788e6, 3.356755662549407e6, 3.397025024524525e6, 3.428832978135277e6, 3.4710961927710846e6, 3.52424710287992e6, 3.551173093577982e6, 3.5753516193009587e6, 3.604587888596952e6, 3.636280008484225e6, 3.6621688605341245e6, 3.7075841661443566e6, 3.726199883570565e6, 3.7632158473372776e6, 3.825663116284352e6, 3.8510267208706e6, 3.8924125997138773e6, 3.920005203115455e6, 3.9573572492581606e6, 3.987679620981388e6, 4.0349676590542924e6, 4.073228525415004e6, 4.1161131807228914e6, 4.1812453821965316e6, 4.21744805944056e6, 4.297545093074488e6, 4.353161381094527e6, 4.380621654947263e6, 4.409951696749522e6, 4.43803050405562e6, 4.46799515876089e6, 4.518707094937159e6, 4.554610843807863e6, 4.5942637566607455e6, 4.629965888351471e6, 4.6746867093902975e6, 4.725302542404456e6, 4.781358825892857e6, 4.826034068584071e6, 4.879492276084224e6, 4.934755997579864e6, 4.978505261535979e6, 5.053553730879086e6, 5.104142384615384e6, 5.1447241431139875e6, 5.182786119658119e6, 5.251462248035404e6, 5.309206460392442e6, 5.3630262936046515e6, 5.438043170617174e6, 5.473671225806451e6, 5.516114020790021e6, 5.579132802091253e6, 5.634933860920666e6, 5.702181290686274e6, 5.798596170023238e6, 5.853622694333455e6, 5.915379221610805e6, 5.969548007907673e6, 5.993638487174615e6, 6.055181266992931e6, 6.125292570694088e6, 6.19746775210084e6, 6.253536338419227e6, 6.316619282278481e6, 6.413514252979351e6, 6.46804281948168e6, 6.552825228055784e6, 6.639077058635395e6, 6.702440509677419e6, 6.793654028901734e6, 6.871503279257916e6, 6.968027722933592e6, 7.036084805970149e6, 7.091128192307692e6, 7.168990822948001e6, 7.252797784510532e6, 7.291108049814126e6, 7.384938868971061e6, 7.482069611961337e6, 7.558692852941177e6, 7.626929823529412e6, 7.739486577102805e6, 7.850707874728696e6, 7.944901202162162e6, 8.017535198668081e6, 8.104195164550936e6, 8.238112490446975e6, 8.323485593939394e6, 8.3841773661172055e6, 8.443678525925925e6, 8.542675514929578e6, 8.648511371966662e6, 8.73583533976775e6, 8.803451504669407e6, 8.884539290113453e6, 8.947951934108527e6, 9.025829784313725e6, 9.129144901390616e6, 9.262430104056437e6, 9.39435745599305e6, 9.492109914651416e6, 9.583754552392293e6, 9.697289044296468e6, 9.821235254468275e6, 9.951588794235924e6, 1.0055576829762593e7, 1.0188017235140432e7, 1.0299020200001929e7, 1.0428193108509462e7, 1.0502546201923076e7, 1.0609221117028134e7, 1.0668135513061272e7, 1.074645090909091e7, 1.0907927470433641e7, 1.1011624727272728e7, 1.1123893725642653e7, 1.1249152458484482e7, 1.128207071382507e7, 1.1349728465753425e7, 1.1489308893363468e7, 1.160073795e7, 1.1705918311351268e7, 1.1816815773400731e7, 1.1911919659509202e7, 1.204404771331722e7, 1.21456289007034e7, 1.2211360842105262e7, 1.2376084140461216e7, 1.2460713178197065e7, 1.2566819643036101e7, 1.2714632288508557e7, 1.2804565391397849e7, 1.2903197062076781e7, 1.3032149408199644e7, 1.3131105142798439e7, 1.3309554136000307e7, 1.3468805542934496e7, 1.3676530704204204e7, 1.3847527652191183e7, 1.3854826743810406e7, 1.3879799758115184e7, 1.399053481409091e7, 1.4148221406962786e7, 1.419291395960347e7, 1.4299624311117845e7]"
Canada_seirv_2020-12-01,"[574158.9230769231, 573835.9615384615, 578384.3397601693, 586912.6360216318, 594642.3317658124, 601231.8603338819, 606954.3552786268, 614197.909005408, 665389.7888932651, 684559.9220165419, 707424.9224103978, 728095.2615202835, 747222.3946435604, 760786.9314690823, 766840.3706183536, 778618.1106734935, 799363.3820401733, 815916.4230011816, 826314.2985427333, 841981.2012603387, 854618.5034965035, 855192.2727272727, 862038.6569515556, 878128.9472233162, 892886.0992516738, 906563.9775502166, 918930.3544702638, 930442.1622686096, 933422.4848365497, 941207.9484048837, 952847.6884600236, 966436.1575423394, 979255.2851516345, 991710.6620716818, 1.0030345376132336e6, 1.0046283588026781e6, 1.0121414808979912e6, 1.0245335624261519e6, 1.0503954193548388e6, 1.0634068709677418e6, 1.094535387096774e6, 1.1323503032183016e6, 1.132817441644048e6, 1.1405470457541682e6, 1.1393230457541682e6, 1.1722368034659314e6, 1.2237254554806668e6, 1.2317532489168963e6, 1.264010189838519e6, 1.3168760116044884e6, 1.3703473922508871e6, 1.4364311606406444e6, 1.4752352440778748e6, 1.487126618010933e6, 1.5424189180972476e6, 1.6187372138678432e6, 1.6673341641791044e6, 1.6765208877510831e6, 1.769206249704608e6, 1.840840396566606e6, 1.8579725349573223e6, 1.907555121223746e6, 1.9769807591828906e6, 2.0265087743612728e6, 2.0368995839533843e6, 2.0783161999103539e6, 2.172560246187782e6, 2.1950157022900763e6, 2.338555297029703e6, 2.4365787326732674e6, 2.553536514851485e6, 2.6934439504950494e6, 2.7598510606169947e6, 2.7789044874616633e6, 2.8086310178603646e6, 2.8082200178603646e6, 2.872509854952192e6, 2.888904515064045e6, 2.9462568102189777e6, 2.9458488102189777e6, 2.9454478102189777e6, 2.9590460878585605e6, 2.9741567981237597e6, 2.999734648565759e6, 3.016473368392567e6, 3.029622720368032e6, 3.0501234824102474e6, 3.071408652895544e6, 3.0896669005953455e6, 3.1072673178784056e6, 3.1360275727945156e6, 3.1533703157135127e6, 3.1679409065488004e6, 3.26523910741688e6, 3.3615926726342714e6, 3.4551378388746805e6, 3.49463646473029e6, 3.49444946473029e6, 3.49403446473029e6, 3.608834801772764e6, 3.620604238517325e6, 3.634706542304593e6, 3.6437764375503627e6, 3.6514644214343275e6, 3.671596196721311e6, 3.6732640169491526e6, 3.6728770169491526e6, 3.67990793731919e6, 3.683379118644068e6, 3.685736644067797e6, 3.685390644067797e6, 3.686916139826422e6, 3.692867220338983e6, 3.7139560980340415e6, 3.8522332054794524e6, 3.867135139403707e6, 3.925926112458655e6, 3.9351127177482406e6, 3.942185190774042e6, 3.951146027365129e6, 3.9605675136825643e6, 3.9711673315089913e6, 3.9813174167318214e6, 3.987999456606724e6, 3.992469050039093e6, 4.0012077208756837e6, 4.011090290070367e6, 4.0221162736512898e6, 4.047842244963739e6, 4.0646350902497987e6, 4.074718829170024e6, 4.0800309460112816e6, 4.09870595004029e6, 4.109603071716358e6, 4.1233393078162773e6, 4.146084551168413e6, 4.264343322580645e6, 4.401079638709677e6, 4.534640348387097e6, 4.63334870967742e6, 4.693872870967742e6, 4.847341729032258e6, 5.023058019354839e6, 5.218090664516129e6, 5.319784387096774e6, 5.380923567741935e6, 5.45923329032258e6, 5.536587748387096e6, 5.665089303225806e6, 5.874811167741936e6, 6.160481922580645e6, 6.269254612903225e6, 6.317204632258064e6, 6.4042903806451615e6, 6.498752135483871e6, 6.624910122580645e6, 6.813303819354839e6, 7.0239369677419355e6, 7.213516703225806e6, 7.393019864516129e6, 7.48736484516129e6, 7.574084310344827e6, 7.745169862068966e6, 7.863895767741935e6, 8.009069864516129e6, 8.0364e6, 8.102590600000001e6, 8.213293600000001e6, 8.211834600000001e6, 8.268912620689655e6, 8.3212676e6, 8.331510200000001e6, 8.330146200000001e6, 8.4518598e6, 8.4506758e6, 8.590080068965517e6, 8.588775068965517e6, 8.587474068965517e6, 8.7898224e6, 8.79729048275862e6, 8.8424264e6, 8.9409088e6]"
Netherlands_seirv_2020-12-01,"[747300.0989010988, 752870.8087613155, 764612.5824175825, 772944.0296896086, 786443.8467605634, 799570.7011494252, 804182.4947981689, 812265.1589664988, 819734.8305687204, 831017.2055484334, 844439.3383443577, 849379.6368421053, 855755.1150442478, 862312.7157578338, 873455.2701030928, 881651.7227488152, 890295.4646128226, 902611.009796865, 910954.2358490566, 927809.5663430421, 936545.755624173, 943260.7800708776, 950417.579174032, 959789.5309734514, 967930.119541244, 981893.4204587359, 991353.1330472103, 997221.6736862075, 1.0114105920844327e6, 1.020526919592299e6, 1.0276719083689675e6, 1.0347326738022426e6, 1.0452484420152092e6, 1.0609946616784807e6, 1.0746746666666667e6, 1.0824514580446498e6, 1.0912578965517243e6, 1.0992953810388667e6, 1.1053514282460138e6, 1.1236482334728662e6, 1.1425229483978895e6, 1.1541367358184764e6, 1.1684523094658954e6, 1.1797874526748972e6, 1.1928912951183433e6, 1.2062052563274098e6, 1.2143501075268819e6, 1.2276586481338702e6, 1.2377443333333335e6, 1.2463706065088757e6, 1.2543702769607843e6, 1.260470961759082e6, 1.2668263267670914e6, 1.2758492252519266e6, 1.2860575603294973e6, 1.2936888251785242e6, 1.3058607666666666e6, 1.3199190578842314e6, 1.3322395047319257e6, 1.3459385843195266e6, 1.3599869843847596e6, 1.3688950076045627e6, 1.381350922690132e6, 1.3962243684769946e6, 1.4150026664493417e6, 1.4385342368596143e6, 1.4494838917542184e6, 1.4643264689265536e6, 1.4878027239263805e6, 1.5079289702702702e6, 1.5259107894736843e6, 1.5379869800897364e6, 1.5640814151482673e6, 1.5791773021978023e6, 1.5948697382039572e6, 1.6112969457202505e6, 1.6219473627208816e6, 1.6409140778364115e6, 1.655431818873668e6, 1.671252791044776e6, 1.690178414593698e6, 1.7033633156139255e6, 1.7213223596059114e6, 1.740791136063408e6, 1.7622314121532363e6, 1.7793443007893928e6, 1.7967916820841986e6, 1.8066060870815362e6, 1.8256150512953368e6, 1.848099616264472e6, 1.8685852424870466e6, 1.8774565623471884e6, 1.891491390625e6, 1.9048935790204932e6, 1.918827717877095e6, 1.93711930726257e6, 1.9494538825503355e6, 1.966760783341358e6, 2.0113024082321187e6, 2.0383538474354788e6, 2.0607933244047621e6, 2.0882202401091405e6, 2.109571589462397e6, 2.135756801863933e6, 2.1622894509195657e6, 2.1871394410993205e6, 2.2223083637846657e6, 2.238393099952176e6, 2.24835300072785e6, 2.2723534277726e6, 2.300235121019108e6, 2.338335765873016e6, 2.3590692861137e6, 2.3827167616037005e6, 2.39744527788671e6, 2.418883012205637e6, 2.434210529262087e6, 2.4533345988030913e6, 2.472452298142661e6, 2.509699783788674e6, 2.5292141642651297e6, 2.546873561970432e6, 2.5717934989267094e6, 2.6090180288315634e6, 2.643106351898734e6, 2.6655992388663967e6, 2.696096915654521e6, 2.710708567434211e6, 2.747359646431501e6, 2.778481458164642e6, 2.794284311066127e6, 2.8143396746367086e6, 2.824418186106678e6, 2.8390970032007317e6, 2.8638696164114643e6, 2.897049126404849e6, 2.9201527490144544e6, 2.931535379763469e6, 2.943549179582426e6, 2.975084396570204e6, 2.991283443159731e6, 3.0190163333333335e6, 3.0637660520915547e6, 3.0913994404015057e6, 3.1020499379282547e6, 3.154868354241522e6, 3.1783833853396103e6, 3.2027273557513338e6, 3.2449629594827583e6, 3.2589008606034024e6, 3.300992682115991e6, 3.3368406019150456e6, 3.353578695193435e6, 3.3883378255959847e6, 3.4341161411764706e6, 3.4563107588550984e6, 3.4739579215686275e6, 3.5236365309859156e6, 3.550792101236581e6, 3.575573197159472e6, 3.6182417149643707e6, 3.6635340113812727e6, 3.696310462151972e6, 3.738265780676722e6, 3.778217751053132e6, 3.819286394801745e6, 3.8412535623206487e6, 3.844303915183246e6, 3.8658754226415097e6, 3.8762396805233173e6, 3.894729800590842e6, 3.9170243561280435e6, 3.9283572616856755e6, 3.9296318329022243e6, 3.954354089517121e6, 3.9851215897628907e6, 4.004853733681462e6, 4.0182009447805183e6, 4.0245875542112617e6, 4.0344947579617836e6, 4.0526712356687896e6, 4.06728383805668e6]"
United Kingdom_sir_2021-07-26,Float64[]
Canada_sir_2021-07-26,"[1.9778340023308224e6, 1.985057344110649e6, 1.9923421191745792e6, 1.9985747736451891e6, 2.0051930772262053e6, 2.0104030549458163e6, 2.0160595352258282e6, 2.0202653694394361e6, 2.0274609731484794e6, 2.0410310838652602e6, 2.0523603202060452e6, 2.06726288424834e6, 2.0784838110741926e6, 2.092789107103631e6, 2.1059697296924302e6, 2.1208443577582156e6, 2.1350486982064983e6, 2.1464438944677925e6, 2.1625817371942587e6, 2.177906739657103e6, 2.1901124367919713e6, 2.2003045865996005e6, 2.207862089236629e6, 2.2132341332228207e6, 2.2191026249946686e6, 2.229180905680376e6, 2.235539885408317e6, 2.2440126224985393e6, 2.2514782375403247e6, 2.2559119262076453e6, 2.260904481849158e6, 2.2713015706383036e6, 2.279683221712932e6, 2.2870359742697207e6, 2.293970960963869e6, 2.2973468460789956e6, 2.300249133733609e6, 2.3044290577895716e6, 2.310962435361675e6, 2.3194567194059985e6, 2.3270641236501588e6, 2.3307732368333703e6, 2.3327557847521873e6, 2.336755323320009e6, 2.3408408883841843e6, 2.3481586579538044e6, 2.3544979375153435e6, 2.3607690907082753e6, 2.3686426426740363e6, 2.370651064479539e6, 2.3746355665321434e6, 2.3811627914880738e6, 2.3887848105843323e6, 2.3952767509826603e6, 2.4012076943022427e6, 2.409400732924415e6, 2.417260921825299e6, 2.4301488163518663e6, 2.4455937645613495e6, 2.4606117136549535e6, 2.4720907163952077e6, 2.483601012167897e6, 2.5071972625597343e6, 2.513966449701663e6, 2.519250390908257e6, 2.530069252307321e6, 2.5472751272407277e6, 2.565196504903204e6, 2.5784776529638036e6, 2.592283051128001e6, 2.6152819180901535e6, 2.6265418733933875e6, 2.6369535538767967e6, 2.652667416615815e6, 2.6690141706575453e6, 2.679062148622431e6, 2.6993704190825755e6, 2.717705747692528e6, 2.732054523850998e6, 2.744122496846026e6, 2.761184687522301e6, 2.775942870231187e6, 2.796989852713897e6, 2.8165999849919984e6, 2.833874753480684e6, 2.846618081565139e6, 2.8645893402933306e6, 2.8779476220451184e6, 2.903608370224477e6, 2.9259194211457977e6, 2.953364303558724e6, 2.9810615033648675e6, 3.0035293473367253e6, 3.0272574565157276e6, 3.0507872756557586e6, 3.06768433188106e6, 3.083608987501806e6, 3.1019521346041067e6, 3.1192651135655204e6, 3.129076063272102e6, 3.1421787886046777e6, 3.1686645383310034e6, 3.191045359633088e6, 3.2087536143140346e6, 3.2287071559610283e6, 3.248792438711453e6, 3.259797440389118e6, 3.276156183275875e6, 3.2970619365595076e6, 3.3158266830327613e6, 3.327273096442801e6, 3.352695348846239e6, 3.3733909756774716e6, 3.394708030193527e6, 3.415490332940619e6, 3.4313228212018963e6, 3.440673448488493e6, 3.4417284211929543e6, 3.4609837145911083e6, 3.4752975044313753e6, 3.4876766346007264e6, 3.5001850417467244e6, 3.5133458087039073e6, 3.521623243294617e6, 3.5378285939260926e6, 3.563910130078438e6, 3.5888283309386913e6, 3.61329551746941e6, 3.636295023533324e6, 3.657898297340738e6, 3.6825366737759532e6, 3.7213569235522803e6, 3.758319374991717e6, 3.790152969962684e6, 3.827937992743006e6, 3.8618234540195037e6, 3.8969674041994372e6, 3.9251991406989107e6, 3.9481707352444e6, 3.973058056900832e6, 3.9954079958810555e6, 4.014930048796702e6, 4.037963890450758e6, 4.069190034428144e6, 4.1104700624476746e6, 4.143637140400322e6, 4.181343836918789e6, 4.212938152372318e6, 4.250830723722553e6, 4.288646203298239e6, 4.31765128672537e6, 4.340810313150454e6, 4.364731845600953e6, 4.391218759373494e6, 4.413358780509352e6, 4.4361230915947575e6, 4.460142957144596e6, 4.485253978162102e6, 4.507329120723603e6, 4.52813673878248e6, 4.552150851767667e6, 4.573412042254608e6, 4.595145345184707e6, 4.610343894077832e6, 4.632037157115102e6, 4.653118166808708e6, 4.666459163373196e6, 4.688882047687301e6, 4.713001610804434e6, 4.7378951083124885e6, 4.76425570937126e6, 4.794594565178899e6, 4.818777136030466e6, 4.843081634923782e6, 4.86993683812294e6, 4.893673800329937e6, 4.916996101827383e6, 4.944820480076086e6, 4.971817146887008e6, 4.993825902120044e6, 5.01820422449549e6, 5.044902748223115e6]"
Netherlands_sir_2021-07-26,"[3.7987750785272876e6, 3.860464075609756e6, 3.900344700798612e6, 3.9387332419193382e6, 3.9713459322600877e6, 3.9888643207192137e6, 3.9925858827095963e6, 4.0100298525834843e6, 4.0791269886223655e6, 4.11327208177172e6, 4.1229209221619945e6, 4.1264890133498525e6, 4.203971714727728e6, 4.233726525447043e6, 4.242815915409387e6, 4.263245892982602e6, 4.27614699403979e6, 4.297158536283186e6, 4.307362886725664e6, 4.367226189189189e6, 4.383635449793672e6, 4.4251776954826685e6, 4.435409287320904e6, 4.448285443625308e6, 4.492927843907975e6, 4.504330270229375e6, 4.525792728553266e6, 4.558042252331919e6, 4.582492380236075e6, 4.593410608656085e6, 4.603251017504885e6, 4.621543709378529e6, 4.648880203341409e6, 4.68124472301634e6, 4.706489025760311e6, 4.728954561900057e6, 4.746748716332581e6, 4.776664766342692e6, 4.7963628599446e6, 4.817784217143298e6, 4.844926240606511e6, 4.871297244920808e6, 4.895553595401944e6, 4.914549397899796e6, 4.929594923701299e6, 4.959979336462451e6, 4.978257107425184e6, 5.000200951825883e6, 5.023893917699928e6, 5.050796081521739e6, 5.089905578274986e6, 5.13117378324393e6, 5.179461665516216e6, 5.25308766117764e6, 5.286206138997754e6, 5.315962893691102e6, 5.374010341958791e6, 5.412119784701392e6, 5.45259067938067e6, 5.473370818181817e6, 5.546966753174468e6, 5.577619627743631e6, 5.623699864842178e6, 5.6984132742528925e6, 5.72239641353886e6, 5.7243401034734845e6, 5.772115801943876e6, 5.7765361803672705e6, 5.799300542857143e6, 5.856936155022807e6, 5.871283443315978e6, 5.875998338340094e6, 5.886743870330634e6, 5.911807622347173e6, 5.929457457014425e6, 5.96089726400614e6, 5.97536698749157e6, 5.996224300311683e6, 6.014557263410967e6, 6.033835942095947e6, 6.045372837527197e6, 6.06161713444641e6, 6.0750072994345855e6, 6.090851363478315e6, 6.109348987125471e6, 6.127401216282676e6, 6.132060429203835e6, 6.134210424932708e6, 6.139283027984784e6, 6.146071143928103e6, 6.151160875736881e6, 6.157468603611485e6, 6.180614136963281e6, 6.192252421151649e6, 6.197765345114112e6, 6.213020331158635e6, 6.229267342866014e6, 6.255044998515206e6, 6.301693287015249e6, 6.342423927069602e6, 6.36161565868114e6, 6.383824763591427e6, 6.393499252107438e6, 6.404458753526126e6, 6.416307341316436e6, 6.415586341316436e6, 6.414824341316436e6, 6.433464475179746e6, 6.458343220820021e6, 6.473453813169985e6, 6.472795813169985e6, 6.48327806771665e6, 6.4979647065482605e6, 6.514198753677049e6, 6.542775530702663e6, 6.569219547644286e6, 6.5820951183440555e6, 6.5925661094331015e6, 6.600414239975177e6, 6.604772500492089e6, 6.608656583643212e6, 6.616111820030737e6, 6.623024312629991e6, 6.625190314782583e6, 6.636584169769745e6, 6.654425682140163e6, 6.6751748228952885e6, 6.6965227690362455e6, 6.715168864450392e6, 6.7408130587539375e6, 6.767418545363126e6, 6.790817610313364e6, 6.815588021886691e6, 6.837818267372562e6, 6.857257036882034e6, 6.878517226482897e6, 6.900734235548128e6, 7.022274264441268e6, 7.086841735766166e6, 7.041679704736848e6, 7.111116005026839e6, 7.291961256922938e6, 7.291667745324061e6, 7.290622925578084e6, 7.3899862619599765e6, 7.4068319722461505e6, 7.427937687581249e6, 7.437515696618478e6, 7.483631750465693e6, 7.486379673242672e6, 7.5189659794238685e6, 7.606636628634934e6, 7.610549053088147e6, 7.620878633417772e6, 7.709852569461981e6, 7.713217625893156e6, 7.72011972291455e6, 7.75216854225795e6, 7.750563163763363e6, 7.746312760042601e6, 7.884146883516484e6, 7.8822847446748745e6, 7.880057659919029e6, 7.87982567912088e6, 7.877734738593738e6, 7.876388739767e6, 7.87442950656862e6, 7.871386584070066e6, 7.8675184452284565e6, 7.8661366627447745e6, 7.867284236619021e6, 7.872392036437247e6, 7.8731659750970835e6, 7.8767490315293735e6, 7.878222565132612e6, 7.877574139006858e6, 7.884048605882839e6, 7.893040406874329e6, 7.901161464479881e6, 7.906218003470214e6, 7.912944380203255e6, 7.920091604279931e6]"
United Kingdom_seirv_2021-07-26,Float64[]
Canada_seirv_2021-07-26,"[2.299749866796693e6, 2.29959395559992e6, 2.3109280622479534e6, 2.3296246457589925e6, 2.343207343302056e6, 2.358953396950287e6, 2.3745848363438905e6, 2.390112415279594e6, 2.388775415279594e6, 2.387511415279594e6, 2.423146760854629e6, 2.435800294443582e6, 2.4518924944701786e6, 2.466696659345287e6, 2.465062659345287e6, 2.463436659345287e6, 2.461776659345287e6, 2.501591542011126e6, 2.5153605248121633e6, 2.5339839273033533e6, 2.550770087612757e6, 2.549205087612757e6, 2.547462087612757e6, 2.545155087612757e6, 2.5911121931337127e6, 2.607074310911146e6, 2.6276348982911855e6, 2.647133921873268e6, 2.6639690821826723e6, 2.6622930821826723e6, 2.6605290821826723e6, 2.696286949023693e6, 2.7102324854274252e6, 2.725010989494448e6, 2.740455146989073e6, 2.7533435160797e6, 2.7519865160797e6, 2.7503835160797e6, 2.7769046082138345e6, 2.7969917692307695e6, 2.8142565202235975e6, 2.873250941585274e6, 2.9375991766528925e6, 3.005204476990984e6, 3.072329278174305e6, 3.1421485030991733e6, 3.200876962716003e6, 3.2559956435011267e6, 3.325490940458302e6, 3.3881341789068365e6, 3.4671239581142e6, 3.53915625e6, 3.6008362757325317e6, 3.6520190353117953e6, 3.7187109805597295e6, 3.7856802825882793e6, 3.816488329478047e6, 3.840646282643766e6, 3.865073663150579e6, 3.886937595865081e6, 3.9095931114640986e6, 3.9391811738849864e6, 3.9663375167158917e6, 3.9959373073391076e6, 4.0496128466397594e6, 4.155232729539237e6, 4.234098657783677e6, 4.265565379976705e6, 4.324850467009779e6, 4.431561621702739e6, 4.484470459804658e6, 4.517216469290007e6, 4.55423232794891e6, 4.587471836589031e6, 4.612243432475582e6, 4.636839671581517e6, 4.66262126577761e6, 4.688166503193088e6, 4.710086747370398e6, 4.737536552592035e6, 4.801385237121468e6, 4.91060139602046e6, 5.045848706701042e6, 5.177643542924994e6, 5.345438491781384e6, 5.375142990674762e6, 5.400032543389849e6, 5.421966830828274e6, 5.442041879218696e6, 5.467041314342994e6, 5.4848724560488025e6, 5.503115398527895e6, 5.52490282396609e6, 5.546097752812464e6, 5.572710119893459e6, 5.598350877654943e6, 5.622948775369458e6, 5.6451109452170925e6, 5.66206633960362e6, 5.684508233451713e6, 5.705109847433841e6, 5.725448862779241e6, 5.7492401181292245e6, 5.768750038246076e6, 5.786218274223851e6, 5.801678877563295e6, 5.821080534316645e6, 5.839220031704662e6, 5.862232547508305e6, 5.886032102176652e6, 5.906727355613472e6, 5.923641228136098e6, 5.949487162762057e6, 5.963649793326842e6, 5.981275753305075e6, 5.9998216015122e6, 6.020856157177225e6, 6.078518451986425e6, 6.280338597364743e6, 6.421673863006588e6, 6.556112714394091e6, 6.737360373048512e6, 6.955093068796166e6, 7.187226944260331e6, 8.547956807745634e6, 8.591501281172013e6, 8.632592812921712e6, 8.671412019225437e6, 8.71162041149829e6, 8.7610414774933e6, 8.830643262870876e6, 9.073070146536235e6, 9.43864115152725e6, 9.756638998043522e6, 9.913375042304099e6, 9.93858348592783e6, 9.96133396382693e6, 9.990526837644517e6, 1.0016865423829265e7, 1.00442408724746e7, 1.0068884694441201e7, 1.0091406572842462e7, 1.0107870374722645e7, 1.0128761287399277e7, 1.014682481420063e7, 1.01930151242259e7, 1.0325507823458731e7, 1.0424733048433313e7, 1.0530104819484241e7, 1.063650829975044e7, 1.0686668028468436e7, 1.0781635939828081e7, 1.0910870557907386e7, 1.1042100024678806e7, 1.1166052805897033e7, 1.1238970195674278e7, 1.1355338012385618e7, 1.151679405823089e7, 1.168884553350587e7, 1.1900654215084573e7, 1.2099584212587604e7, 1.2167268382712657e7, 1.2243258044340616e7, 1.2321552664559571e7, 1.2403512150199259e7, 1.2480438603545418e7, 1.2557443463102927e7, 1.2616589308597866e7, 1.2680034582245432e7, 1.2774379664147314e7, 1.2882317696761485e7, 1.2990771114882506e7, 1.3106702472126793e7, 1.3230136007832898e7, 1.3329436715816958e7, 1.3422571808071092e7, 1.3545577135495396e7, 1.3674906255874673e7, 1.3862449669369245e7, 1.4047147561540928e7, 1.4235346954330998e7, 1.4415492199716e7]"
Netherlands_seirv_2021-07-26,"[7.539967166398972e6, 7.738586590748475e6, 8.0568348837134605e6, 8.424417100224864e6, 8.867415172181176e6, 9.2733334214584e6, 9.651889598779313e6, 9.87817516511404e6, 1.0171736806296177e7, 1.0495289009637007e7, 1.092413925056216e7, 1.1355360911660777e7, 1.1696177126244782e7, 1.2004597358496629e7, 1.2204664992932864e7, 1.238990303629939e7, 1.2674671446835851e7, 1.2962092657565052e7, 1.323177109701253e7, 1.3496413006103437e7, 1.3729716452939289e7, 1.3889020634436237e7, 1.4028416004497271e7, 1.4322228335689047e7, 1.4614131006745905e7, 1.486560260488275e7, 1.5085733740764538e7, 1.5270445024092516e7, 1.5390991102794733e7, 1.555797161484099e7, 1.5734792187600387e7, 1.5958618953742372e7, 1.6163462738515902e7, 1.6349873301959526e7, 1.650929017346611e7, 1.6601593660134919e7, 1.6686838576292966e7, 1.6846893897847738e7, 1.7005151559267588e7, 1.7159132140379056e7, 1.72757922088018e7, 1.7396082907484744e7, 1.7474348943141665e7, 1.7544357198201094e7, 1.765557797622872e7, 1.778041313523932e7, 1.7896583443623517e7, 1.797895317956955e7, 1.8013864962094445e7, 1.80594799453903e7, 1.812290669996788e7, 1.826252176003855e7, 1.838839274911661e7, 1.85129278380983e7, 1.8592658773851592e7, 1.8627575556376487e7, 1.867962366013492e7, 1.8736640294249922e7, 1.8860497933183424e7, 1.8969243601027947e7, 1.903737550594282e7, 1.9133169242852554e7, 1.9239909560552523e7, 1.929932661484099e7, 1.935822090909091e7, 1.9470581207195632e7, 1.955985013363315e7, 1.963935868936717e7, 1.9716445824927725e7, 1.9784573729842596e7, 1.981621626212657e7, 1.9858648685191136e7, 1.9930339220366206e7, 1.999858381529072e7, 2.0066176960167043e7, 2.014120174558304e7, 2.022198320141343e7, 2.026652566463219e7, 2.0324152748795375e7, 2.0432830416639898e7, 2.0547215754898813e7, 2.0642371731769998e7, 2.0760118320269838e7, 2.0866236877931256e7, 2.093074584259557e7, 2.100252406778028e7, 2.116546556954706e7, 2.131906308062962e7, 2.146175470093158e7, 2.161819139222615e7, 2.1765698542884678e7, 2.1863352319948602e7, 2.194701233601028e7, 2.2146090830388695e7, 2.2343841424670737e7, 2.2520220307420496e7, 2.2703172000642467e7, 2.2865826192418892e7, 2.2953676978798587e7, 2.3046125225505944e7, 2.3190001125923548e7, 2.329010539318985e7, 2.347693840668166e7, 2.3667456570510764e7, 2.385714314423386e7, 2.3974604112752974e7, 2.409015242113717e7, 2.437179303148089e7, 2.462569311982011e7, 2.4863482407002892e7, 2.5094375503694188e7, 2.5311665219402507e7, 2.5480704841631867e7, 2.5636527152907167e7, 2.5945099455187924e7, 2.6305007411178928e7, 2.6600939162544172e7, 2.689181807356248e7, 2.719883678573723e7, 2.7350937776742693e7, 2.750558087793126e7, 2.7930297798586573e7, 2.8281215833922263e7, 2.862422915868937e7, 2.893847851140379e7, 2.9272408605525218e7, 2.948897156119499e7, 2.9639842032123357e7, 2.984049656665596e7, 3.030195161998073e7, 3.071128994956634e7, 3.1079248756183747e7, 3.1416820860584646e7, 3.1617873535175074e7, 3.184447600160617e7, 3.231349676549952e7, 3.2721002814969484e7, 3.306537986990042e7, 3.325961742402827e7, 3.3676497534211375e7, 3.38670618380983e7, 3.4095627414712496e7, 3.467147963636364e7, 3.515209395117251e7, 3.56153832547382e7, 3.602174730420816e7, 3.645083734532605e7, 3.6709342314166404e7, 3.695564680212014e7, 3.752653701349181e7, 3.7984149096691296e7, 3.8410851477674276e7, 3.877299196402185e7, 3.914389530099583e7, 3.9369558047542565e7, 3.95802362030196e7, 4.0113236971731454e7, 4.052052489142307e7, 4.102691210825571e7, 4.142653976742692e7, 4.174299938066174e7, 4.198150240828783e7, 4.218966256376486e7, 4.2684606099903636e7, 4.3080163028911024e7, 4.344115969547061e7, 4.379998563186637e7, 4.413918789688404e7, 4.431819822036621e7, 4.448478206296178e7, 4.491598812463862e7, 4.527829545133312e7, 4.559296282460649e7, 4.586825809508513e7, 4.6044643518470936e7, 4.6034614518470936e7, 4.631283027915195e7, 4.648548121233537e7, 4.675466202248635e7, 4.720129347542564e7, 4.7550223491166085e7, 4.7868913604882754e7]"
